image_type,dx,n_images,brightness,mean_R,mean_G,mean_B,std_R,std_G,std_B
clinical: close-up,AKIEC,30,133.0 ± 15.4,172.6 ± 19.2,120.5 ± 16.3,94.0 ± 15.7,20.1 ± 14.3,23.2 ± 11.3,22.4 ± 9.8
clinical: close-up,BCC,30,143.1 ± 17.3,178.0 ± 15.6,132.5 ± 19.5,106.6 ± 25.2,17.6 ± 13.3,22.1 ± 12.5,23.0 ± 12.5
clinical: close-up,BEN_OTH,30,131.9 ± 29.0,160.2 ± 27.0,122.6 ± 31.2,105.9 ± 30.4,25.9 ± 17.8,26.2 ± 13.6,26.6 ± 15.2
clinical: close-up,BKL,30,141.8 ± 20.9,177.8 ± 23.1,130.3 ± 22.4,106.4 ± 24.7,18.8 ± 11.2,22.5 ± 10.3,22.9 ± 10.4
clinical: close-up,DF,30,144.2 ± 24.8,170.8 ± 21.9,136.4 ± 26.4,114.6 ± 31.0,16.6 ± 9.3,19.6 ± 8.2,19.8 ± 8.8
clinical: close-up,INF,30,142.2 ± 34.2,163.8 ± 32.3,135.7 ± 35.8,119.2 ± 36.0,22.9 ± 16.6,23.2 ± 13.5,24.1 ± 14.1
clinical: close-up,MAL_OTH,9,129.4 ± 23.7,160.4 ± 28.6,119.3 ± 23.7,99.7 ± 20.9,16.2 ± 10.3,19.1 ± 7.4,19.8 ± 6.0
clinical: close-up,MEL,30,137.7 ± 22.1,166.7 ± 22.4,128.9 ± 23.2,107.2 ± 24.4,19.3 ± 8.1,21.5 ± 6.4,21.8 ± 6.1
clinical: close-up,NV,30,149.1 ± 25.4,174.4 ± 24.0,141.8 ± 26.9,120.1 ± 28.5,20.0 ± 15.9,20.9 ± 10.6,21.2 ± 10.4
clinical: close-up,SCCKA,30,136.9 ± 17.8,177.7 ± 18.9,123.1 ± 18.6,100.7 ± 20.8,16.7 ± 5.8,22.3 ± 7.7,22.5 ± 8.7
clinical: close-up,VASC,30,153.0 ± 21.2,180.3 ± 18.1,145.0 ± 24.2,122.5 ± 27.5,19.2 ± 8.9,21.9 ± 7.3,20.9 ± 6.7
dermoscopic,AKIEC,30,142.3 ± 17.7,170.1 ± 24.3,131.5 ± 17.1,125.0 ± 20.6,22.9 ± 13.4,24.8 ± 10.2,27.1 ± 9.6
dermoscopic,BCC,30,152.9 ± 16.9,174.7 ± 19.6,143.8 ± 17.9,142.5 ± 24.2,16.6 ± 14.4,20.8 ± 12.3,23.0 ± 10.9
dermoscopic,BEN_OTH,30,148.9 ± 19.8,171.9 ± 19.5,136.4 ± 21.6,152.4 ± 26.2,19.1 ± 11.2,24.8 ± 13.2,27.9 ± 15.8
dermoscopic,BKL,30,141.7 ± 21.6,166.0 ± 26.8,132.1 ± 21.0,127.9 ± 25.1,18.6 ± 7.6,23.9 ± 8.0,27.1 ± 10.2
dermoscopic,DF,30,153.9 ± 11.9,175.7 ± 19.1,144.4 ± 11.5,146.0 ± 15.6,14.1 ± 5.1,21.6 ± 7.2,23.2 ± 7.1
dermoscopic,INF,30,154.9 ± 29.9,176.7 ± 30.4,143.8 ± 30.6,155.1 ± 33.5,14.1 ± 10.5,19.7 ± 8.1,19.3 ± 8.1
dermoscopic,MAL_OTH,9,159.6 ± 19.2,178.0 ± 21.1,150.5 ± 20.6,158.1 ± 22.5,19.3 ± 13.7,24.5 ± 12.3,27.7 ± 12.8
dermoscopic,MEL,30,156.5 ± 20.6,179.0 ± 22.0,147.0 ± 22.3,146.7 ± 22.7,30.4 ± 13.2,40.2 ± 12.3,46.7 ± 13.5
dermoscopic,NV,30,149.3 ± 18.0,164.3 ± 19.2,143.1 ± 18.6,142.0 ± 19.3,27.7 ± 13.1,35.3 ± 14.7,39.7 ± 14.6
dermoscopic,SCCKA,30,136.7 ± 17.4,163.7 ± 19.6,126.0 ± 19.0,121.1 ± 22.6,19.1 ± 9.9,22.3 ± 9.5,25.1 ± 9.9
dermoscopic,VASC,30,146.6 ± 24.4,166.9 ± 26.1,136.6 ± 25.6,145.2 ± 25.2,28.6 ± 18.2,37.9 ± 15.2,34.8 ± 15.6
