field,kind,unit,test,n,statistic_3cls,p_3cls,effect_3cls,cramers_v_3cls,min_expected_3cls,statistic_11cls,p_11cls,effect_11cls,cramers_v_11cls,min_expected_11cls,strength_3cls,anova_eta2_3cls,anova_eta2_11cls
diagnosis_2,categorical,lesion,chi-square,5240,10480.0,0.0,1.0,1.0,0.023473282442748093,46900.17931697201,0.0,0.9460663771736896,0.9460663771736896,0.001717557251908397,strong,,
diagnosis_3,categorical,lesion,chi-square,5240,10440.323432983814,0.0,0.9981052389566977,0.9981052389566977,0.023473282442748093,43753.33670886076,0.0,0.9137764178244873,0.9137764178244873,0.001717557251908397,strong,,
melanocytic,boolean,lesion,chi-square,5240,897.0097970251155,1.6473939602409302e-195,0.41374518216911216,0.41374518216911216,28.07404580152672,5240.0,0.0,1.0,1.0,2.0541984732824425,moderate,,
diagnosis_4,categorical,lesion,chi-square,5240,1698.869148447634,0.0,0.40262368879083305,0.40262368879083305,0.023473282442748093,7060.736445892575,0.0,0.3670788453975629,0.3670788453975629,0.001717557251908397,moderate,,
concomitant_biopsy,boolean,lesion,chi-square,5240,507.19638460696575,7.306417114976129e-111,0.3111160606096514,0.3111160606096514,5.258015267175573,514.1249713470314,4.225796309334243e-104,0.31323386238901985,0.31323386238901985,0.3847328244274809,moderate,,
diagnosis_confirm_type,categorical,lesion,chi-square,5240,507.1963846069657,7.306417114976337e-111,0.31111606060965136,0.31111606060965136,5.258015267175573,514.1249713470314,4.225796309334243e-104,0.31323386238901985,0.31323386238901985,0.3847328244274809,moderate,,
age_approx,numeric,lesion,Kruskal-Wallis,5220,586.224816387774,5.045434168907057e-128,0.11198482200264022,0.3100006955610717,,1054.4528649424815,3.4637640707344476e-220,0.20050928488049174,0.2017453446428997,,moderate,0.15194537916090906,0.2775509955246139
anatom_site_general,categorical,lesion,chi-square,5240,259.9473217998365,1.3385458752903163e-51,0.1574932816329839,0.1574932816329839,0.18778625954198475,589.1896929401033,8.28157951314302e-99,0.16766095333696482,0.16766095333696482,0.013740458015267175,weak,,
image_manipulation,categorical,image,chi-square,10480,201.98170268350026,1.3811172181237624e-44,0.13882745849852046,0.13882745849852046,7.863549618320611,181.18260574371118,1.3311219388303582e-33,0.1314854234453325,0.1314854234453325,0.575381679389313,weak,,
sex,categorical,lesion,chi-square,5240,45.64670492854582,1.2244582063945075e-10,0.0933338268294969,0.0933338268294969,49.012213740458016,73.44629271756966,9.537931978103505e-12,0.11839116553135236,0.11839116553135236,3.5862595419847327,negligible,,
anatom_site_special,categorical,lesion,chi-square,5240,43.7432283043785,7.253965390507668e-09,0.06460628581220507,0.06460628581220507,0.18778625954198475,219.6969474568569,1.37260570637191e-35,0.14478760024537526,0.14478760024537526,0.013740458015267175,negligible,,
attribution,constant,lesion,none (constant),5240,,,0.0,0.0,,,,0.0,0.0,,negligible,,
copyright_license,constant,lesion,none (constant),5240,,,0.0,0.0,,,,0.0,0.0,,negligible,,
image_type,categorical,image,chi-square,10480,0.0,1.0,0.0,0.0,123.0,0.0,1.0,0.0,0.0,9.0,negligible,,
